Date,HomeTeam,VisitTeam,Spread,Total.y
10/27/2009,Cleveland,Boston,-5,183.5
10/27/2009,Dallas,Washington,-8.5,210.0
10/27/2009,Portland,Houston,-9,188.0
10/27/2009,LALakers,LAClippers,-12,202.0
10/28/2009,Orlando,Philadelphia,-10,194.5
10/28/2009,Atlanta,Indiana,-7.5,206.0
10/28/2009,Toronto,Cleveland,7.5,194.0
10/28/2009,Boston,Charlotte,-10,183.0
10/28/2009,Miami,NewYork,-5,206.0
10/28/2009,Memphis,Detroit,1.5,191.0
10/28/2009,OklahomaCity,Sacramento,-6.5,204.5
10/28/2009,SanAntonio,NewOrleans,-9.5,187.5
10/28/2009,Minnesota,NewJersey,2,194.0
10/28/2009,Denver,Utah,-5,208.5
10/28/2009,GoldenState,Houston,-5.5,213.0
10/28/2009,LAClippers,Phoenix,2.5,217.0
10/29/2009,Chicago,SanAntonio,3.5,193.0
10/29/2009,Portland,Denver,-7,201.0
10/30/2009,Philadelphia,Milwaukee,-6,191.5
10/30/2009,Charlotte,NewYork,-1.5,196.0
10/30/2009,Atlanta,Washington,-6,202.5
10/30/2009,Boston,Chicago,-11.5,187.5
10/30/2009,Detroit,OklahomaCity,-5,190.0
10/30/2009,Indiana,Miami,-1.5,213.0
10/30/2009,NewOrleans,Sacramento,-11.5,201.5
10/30/2009,Memphis,Toronto,2.5,195.0
10/30/2009,Minnesota,Cleveland,12,192.0
10/30/2009,NewJersey,Orlando,9.5,199.0
10/30/2009,Utah,LAClippers,-9,202.5
10/30/2009,Phoenix,GoldenState,-5,233.0
10/30/2009,LALakers,Dallas,-7.5,204.5
10/31/2009,Washington,NewJersey,-6.5,191.0
10/31/2009,Cleveland,Charlotte,-15,181.5
10/31/2009,NewYork,Philadelphia,2,206.0
10/31/2009,Houston,Portland,2.5,187.5
10/31/2009,Milwaukee,Detroit,-2,184.0
10/31/2009,SanAntonio,Sacramento,-16.5,201.5
10/31/2009,LAClippers,Dallas,5,195.0
11/01/2009,Toronto,Orlando,5.5,200.0
11/01/2009,Boston,NewOrleans,-11,185.5
11/01/2009,Miami,Chicago,-4,193.0
11/01/2009,OklahomaCity,Portland,3,186.5
11/01/2009,Denver,Memphis,-11,207.0
11/01/2009,Phoenix,Minnesota,-13,220.0
11/01/2009,LALakers,Atlanta,-8.5,196.5
11/02/2009,Charlotte,NewJersey,-7,175.0
11/02/2009,NewYork,NewOrleans,3,203.0
11/02/2009,Utah,Houston,-8,202.5
11/02/2009,Sacramento,Memphis,-1,206.0
11/02/2009,LAClippers,Minnesota,-7.5,196.5
11/03/2009,Cleveland,Washington,-11.5,197.0
11/03/2009,Indiana,Denver,5,223.5
11/03/2009,Philadelphia,Boston,7,191.5
11/03/2009,Detroit,Orlando,8.5,193.0
11/03/2009,Miami,Phoenix,-4.5,215.0
11/03/2009,Chicago,Milwaukee,-8.5,191.5
11/03/2009,OklahomaCity,LALakers,7,193.5
11/03/2009,Dallas,Utah,-6.5,202.0
11/03/2009,Portland,Atlanta,-7,193.0
11/04/2009,Toronto,Detroit,-7.5,193.0
11/04/2009,Orlando,Phoenix,-7.5,218.0
11/04/2009,Washington,Miami,-2,195.0
11/04/2009,NewJersey,Denver,9.5,199.5
11/04/2009,NewYork,Indiana,-5,223.5
11/04/2009,Minnesota,Boston,12.5,186.5
11/04/2009,Houston,LALakers,2,203.0
11/04/2009,NewOrleans,Dallas,-4.5,189.5
11/04/2009,Sacramento,Atlanta,5.5,207.5
11/04/2009,GoldenState,Memphis,-6,227.5
11/05/2009,Cleveland,Chicago,-11.5,191.0
11/05/2009,Utah,SanAntonio,-1,198.0
11/06/2009,Charlotte,Atlanta,2.5,180.5
11/06/2009,Orlando,Detroit,-13,192.0
11/06/2009,Indiana,Washington,-1.5,207.5
11/06/2009,Philadelphia,NewJersey,-12,194.0
11/06/2009,Boston,Phoenix,-10.5,207.0
11/06/2009,Miami,Denver,1,201.5
11/06/2009,Minnesota,Milwaukee,-2.5,189.0
11/06/2009,NewOrleans,Toronto,-4.5,205.0
11/06/2009,NewYork,Cleveland,8,200.0
11/06/2009,Houston,OklahomaCity,-6.5,189.5
11/06/2009,GoldenState,LAClippers,-4,217.0
11/06/2009,LALakers,Memphis,-9.5,211.0
11/06/2009,Portland,SanAntonio,-4,185.5
11/07/2009,Atlanta,Denver,-3,210.5
11/07/2009,NewJersey,Boston,14,179.0
11/07/2009,Chicago,Charlotte,-6.5,176.5
11/07/2009,Dallas,Toronto,-7.5,202.5
11/07/2009,Milwaukee,NewYork,-4.5,195.0
11/07/2009,Utah,Sacramento,-15.5,206.5
11/07/2009,LAClippers,Memphis,-4,201.0
11/08/2009,Detroit,Philadelphia,-2,191.5
11/08/2009,Washington,Phoenix,2,216.0
11/08/2009,OklahomaCity,Orlando,6,193.0
11/08/2009,Sacramento,GoldenState,3,216.5
11/08/2009,Portland,Minnesota,-12.5,188.5
11/08/2009,LALakers,NewOrleans,-7,197.0
11/09/2009,Philadelphia,Phoenix,2,213.5
11/09/2009,NewYork,Utah,5.5,211.0
11/09/2009,SanAntonio,Toronto,-4.5,201.5
11/09/2009,GoldenState,Minnesota,-6,214.5
11/09/2009,LAClippers,NewOrleans,2,193.0
11/10/2009,Charlotte,Orlando,4,182.0
11/10/2009,Miami,Washington,-8.5,185.0
11/10/2009,Chicago,Denver,2.5,204.5
11/10/2009,Memphis,Portland,6.5,202.0
11/10/2009,Dallas,Houston,-6.5,199.5
11/10/2009,Sacramento,OklahomaCity,2,199.0
11/11/2009,Indiana,GoldenState,-5.5,225.0
11/11/2009,Toronto,Chicago,-5.5,207.0
11/11/2009,NewYork,Atlanta,5.5,208.0
11/11/2009,NewJersey,Philadelphia,5,188.5
11/11/2009,Boston,Utah,-10.5,190.0
11/11/2009,Detroit,Charlotte,-4.5,171.5
11/11/2009,Milwaukee,Denver,3.5,198.0
11/11/2009,Minnesota,Portland,7.5,189.5
11/11/2009,Orlando,Cleveland,pk,190.5
11/11/2009,Houston,Memphis,-9.5,212.5
11/11/2009,SanAntonio,Dallas,1.5,196.5
11/11/2009,Phoenix,NewOrleans,-6.5,217.5
11/11/2009,LAClippers,OklahomaCity,-2,186.0
11/12/2009,Miami,Cleveland,2,179.5
11/12/2009,LALakers,Phoenix,-7.5,221.0
11/13/2009,Philadelphia,Utah,-3,196.0
11/13/2009,Orlando,NewJersey,-14.5,188.5
11/13/2009,NewYork,GoldenState,-4.5,226.0
11/13/2009,NewOrleans,Portland,3.5,187.5
11/13/2009,Minnesota,Dallas,11,197.0
11/13/2009,Boston,Atlanta,-9,193.0
11/13/2009,Sacramento,Houston,5,207.5
11/13/2009,Denver,LALakers,-4,212.0
11/13/2009,LAClippers,Toronto,3,203.0
11/14/2009,Indiana,Boston,7.5,188.5
11/14/2009,Washington,Detroit,-3.5,184.5
11/14/2009,Charlotte,Portland,2.5,171.5
11/14/2009,Atlanta,NewOrleans,-12.5,196.0
11/14/2009,Cleveland,Utah,-12.5,190.0
11/14/2009,Miami,NewJersey,-12.5,178.0
11/14/2009,Chicago,Philadelphia,-7,190.0
11/14/2009,Memphis,Minnesota,-9,206.0
11/14/2009,Milwaukee,GoldenState,-7.5,210.5
11/14/2009,SanAntonio,OklahomaCity,-8.5,186.0
11/15/2009,Detroit,Dallas,4.5,184.5
11/15/2009,OklahomaCity,LAClippers,-5,184.5
11/15/2009,Phoenix,Toronto,-7.5,233.0
11/15/2009,LALakers,Houston,-9,201.5
11/16/2009,Atlanta,Portland,-3.5,189.5
11/16/2009,Orlando,Charlotte,-12,184.5
11/16/2009,Milwaukee,Dallas,-1.5,192.5
11/17/2009,Cleveland,GoldenState,-14.5,216.5
11/17/2009,NewJersey,Indiana,3.5,189.0
11/17/2009,Miami,OklahomaCity,-6.5,184.0
11/17/2009,NewOrleans,LAClippers,2.5,192.5
11/17/2009,Houston,Phoenix,-2,218.0
11/17/2009,Denver,Toronto,-9.5,219.0
11/17/2009,Sacramento,Chicago,2.5,196.5
11/17/2009,LALakers,Detroit,-9.5,191.0
11/18/2009,Washington,Cleveland,3.5,195.0
11/18/2009,Atlanta,Miami,-7.5,191.5
11/18/2009,Philadelphia,Charlotte,-3,183.0
11/18/2009,Indiana,NewYork,-6,214.5
11/18/2009,Orlando,OklahomaCity,-12,195.5
11/18/2009,Boston,GoldenState,-16,211.0
11/18/2009,Memphis,LAClippers,-5.5,199.0
11/18/2009,Minnesota,Houston,6,196.5
11/18/2009,Milwaukee,NewJersey,-10,185.5
11/18/2009,Utah,Toronto,-7.5,211.5
11/18/2009,Dallas,SanAntonio,-3,195.5
11/18/2009,Portland,Detroit,-10,180.0
11/19/2009,NewOrleans,Phoenix,8,216.0
11/19/2009,SanAntonio,Utah,-4.5,196.0
11/19/2009,LALakers,Chicago,-10,195.5
11/20/2009,Toronto,Miami,-3,199.0
11/20/2009,Philadelphia,Memphis,-5,196.0
11/20/2009,Indiana,Cleveland,3.5,200.0
11/20/2009,Atlanta,Houston,-7,203.0
11/20/2009,Boston,Orlando,-6,190.5
11/20/2009,OklahomaCity,Washington,-4,194.5
11/20/2009,Dallas,Sacramento,-10,202.5
11/20/2009,Milwaukee,Charlotte,-3.5,182.0
11/20/2009,LAClippers,Denver,9,208.0
11/20/2009,GoldenState,Portland,7.5,207.5
11/21/2009,NewJersey,NewYork,-2.5,194.0
11/21/2009,Cleveland,Philadelphia,-10.5,191.5
11/21/2009,NewOrleans,Atlanta,4.5,203.5
11/21/2009,Memphis,Milwaukee,-4,196.0
11/21/2009,SanAntonio,Washington,-7.5,194.5
11/21/2009,Houston,Sacramento,-11,203.0
11/21/2009,Utah,Detroit,-8,191.0
11/21/2009,Denver,Chicago,-8,207.0
11/21/2009,Portland,Minnesota,-13,187.5
11/22/2009,Toronto,Orlando,3.5,207.0
11/22/2009,NewYork,Boston,10,196.0
11/22/2009,Charlotte,Indiana,-1.5,188.0
11/22/2009,Miami,NewOrleans,-10,192.0
11/22/2009,Phoenix,Detroit,-10,208.0
11/22/2009,LALakers,OklahomaCity,-11,199.5
11/23/2009,Memphis,Sacramento,-5.5,206.5
11/23/2009,SanAntonio,Milwaukee,-8,193.5
11/23/2009,Portland,Chicago,-8,182.5
11/23/2009,LAClippers,Minnesota,-5.5,192.0
11/24/2009,Toronto,Indiana,-5.5,216.0
11/24/2009,Washington,Philadelphia,-2.5,197.5
11/24/2009,Dallas,GoldenState,-12.5,218.5
11/24/2009,Denver,NewJersey,-13.5,205.0
11/24/2009,Utah,OklahomaCity,-8,197.0
11/24/2009,LALakers,NewYork,-14.5,213.0
11/25/2009,Charlotte,Toronto,-3.5,195.5
11/25/2009,Indiana,LAClippers,-4,199.5
11/25/2009,Boston,Philadelphia,-13,187.5
11/25/2009,Orlando,Miami,-10,192.5
11/25/2009,Detroit,Cleveland,5.5,184.0
11/25/2009,NewOrleans,Milwaukee,-2.5,199.5
11/25/2009,Minnesota,Denver,8.5,204.0
11/25/2009,SanAntonio,GoldenState,-13,213.0
11/25/2009,Houston,Dallas,-4,199.0
11/25/2009,Phoenix,Memphis,-10.5,219.0
11/25/2009,Sacramento,NewYork,-4.5,215.0
11/25/2009,Portland,NewJersey,-14,181.5
11/26/2009,Atlanta,Orlando,-3.5,199.0
11/26/2009,Utah,Chicago,-7,197.5
11/27/2009,Philadelphia,Atlanta,5.5,198.0
11/27/2009,Miami,Washington,-7,198.5
11/27/2009,Charlotte,Cleveland,5.5,184.0
11/27/2009,Boston,Toronto,-9.5,203.5
11/27/2009,OklahomaCity,Milwaukee,-5,196.5
11/27/2009,Indiana,Dallas,3,202.0
11/27/2009,Detroit,LAClippers,-4,181.0
11/27/2009,Houston,SanAntonio,-1,195.0
11/27/2009,Denver,NewYork,-12.5,219.0
11/27/2009,Minnesota,Phoenix,9.5,214.5
11/27/2009,Portland,Memphis,-11.5,194.5
11/27/2009,Sacramento,NewJersey,-4,195.0
11/28/2009,Washington,Charlotte,-3.5,190.5
11/28/2009,Cleveland,Dallas,-6.5,194.0
11/28/2009,Utah,Portland,-5,189.5
11/28/2009,Milwaukee,Orlando,7,195.0
11/28/2009,GoldenState,LALakers,8.5,222.5
11/29/2009,Detroit,Atlanta,7,187.0
11/29/2009,Toronto,Phoenix,2.5,229.5
11/29/2009,LAClippers,Memphis,-3.5,197.5
11/29/2009,NewYork,Orlando,6,205.5
11/29/2009,Miami,Boston,4,187.0
11/29/2009,SanAntonio,Philadelphia,-12,196.0
11/29/2009,OklahomaCity,Houston,-3.5,196.5
11/29/2009,Denver,Minnesota,-14,214.5
11/29/2009,Sacramento,NewOrleans,-4,207.5
11/29/2009,LALakers,NewJersey,-14.5,192.5
11/30/2009,Milwaukee,Chicago,-3,193.0
11/30/2009,Dallas,Philadelphia,-12,198.0
11/30/2009,Utah,Memphis,-10,207.0
11/30/2009,GoldenState,Indiana,-2.5,228.0
12/01/2009,Toronto,Washington,-7,214.0
12/01/2009,Charlotte,Boston,4,178.0
12/01/2009,NewYork,Phoenix,7,227.0
12/01/2009,Denver,GoldenState,-15,235.0
12/01/2009,Portland,Miami,-6,183.0
12/01/2009,LALakers,NewOrleans,-15,202.0
12/02/2009,Orlando,NewYork,-12.5,208.0
12/02/2009,Washington,Milwaukee,-3,197.5
12/02/2009,Atlanta,Toronto,-9,212.5
12/02/2009,Cleveland,Phoenix,-7.5,212.5
12/02/2009,NewJersey,Dallas,7,189.0
12/02/2009,Chicago,Detroit,-7,181.5
12/02/2009,Minnesota,Memphis,3.5,202.0
12/02/2009,OklahomaCity,Philadelphia,-6.5,195.0
12/02/2009,Sacramento,Indiana,-1.5,216.5
12/02/2009,LAClippers,Houston,2.5,193.0
12/03/2009,SanAntonio,Boston,1,187.5
12/03/2009,GoldenState,Houston,3.5,220.0
12/03/2009,Denver,Miami,-9,211.0
12/04/2009,Washington,Toronto,-3.5,216.5
12/04/2009,Atlanta,NewYork,-11,215.5
12/04/2009,OklahomaCity,Boston,4,190.0
12/04/2009,Cleveland,Chicago,-13,190.0
12/04/2009,Memphis,Dallas,6,204.0
12/04/2009,Detroit,Milwaukee,-2.5,187.0
12/04/2009,NewOrleans,Minnesota,-10,199.0
12/04/2009,NewJersey,Charlotte,3,183.0
12/04/2009,Utah,Indiana,-8,210.0
12/04/2009,LALakers,Miami,-12.5,199.0
12/05/2009,Charlotte,Philadelphia,-5.5,187.0
12/05/2009,Chicago,Toronto,-6,205.0
12/05/2009,Minnesota,Utah,7,197.5
12/05/2009,SanAntonio,Denver,-3.5,207.0
12/05/2009,Phoenix,Sacramento,-11.5,224.5
12/05/2009,Dallas,Atlanta,-5.5,203.5
12/05/2009,Portland,Houston,-5.5,193.0
12/05/2009,LAClippers,Indiana,-2.5,200.5
12/05/2009,GoldenState,Orlando,9.5,221.5
12/06/2009,NewYork,NewJersey,-4,205.5
12/06/2009,Milwaukee,Cleveland,6.5,193.5
12/06/2009,Detroit,Washington,-3,191.5
12/06/2009,Sacramento,Miami,1.5,204.0
12/06/2009,LALakers,Phoenix,-9.5,220.0
12/07/2009,Philadelphia,Denver,7,217.0
12/07/2009,NewYork,Portland,3.5,201.5
12/07/2009,OklahomaCity,GoldenState,-7,222.0
12/07/2009,Utah,SanAntonio,-2,194.5
12/08/2009,Charlotte,Denver,3,199.5
12/08/2009,Toronto,Minnesota,-7.5,208.5
12/08/2009,Boston,Milwaukee,-12.5,193.0
12/08/2009,Memphis,Cleveland,7,194.5
12/08/2009,Chicago,NewJersey,-6,191.5
12/08/2009,NewOrleans,Sacramento,-9,209.0
12/08/2009,Dallas,Phoenix,-5,216.0
12/08/2009,LAClippers,Orlando,7.5,192.5
12/09/2009,Atlanta,Chicago,-10.5,196.0
12/09/2009,Philadelphia,Detroit,-4.5,190.0
12/09/2009,Indiana,Portland,4.5,191.5
12/09/2009,NewJersey,GoldenState,pk,218.5
12/09/2009,Milwaukee,Toronto,-4.5,206.5
12/09/2009,Minnesota,NewOrleans,3,194.0
12/09/2009,Houston,Cleveland,3,194.0
12/09/2009,SanAntonio,Sacramento,-12.5,202.0
12/09/2009,LALakers,Utah,-10.5,206.5
12/10/2009,Detroit,Denver,8,198.0
12/10/2009,Washington,Boston,7.5,194.0
12/10/2009,Utah,Orlando,3,201.0
12/11/2009,Indiana,NewJersey,-4,198.5
12/11/2009,Philadelphia,Houston,2.5,193.5
12/11/2009,Toronto,Atlanta,3.5,210.0
12/11/2009,Miami,Dallas,1.5,194.0
12/11/2009,NewOrleans,NewYork,-6.5,206.5
12/11/2009,Chicago,GoldenState,-5,213.5
12/11/2009,Cleveland,Portland,-10,186.0
12/11/2009,Memphis,OklahomaCity,-2,198.0
12/11/2009,SanAntonio,Charlotte,-7.5,187.5
12/11/2009,LALakers,Minnesota,-15,198.0
12/11/2009,Phoenix,Orlando,-3,215.5
12/12/2009,Washington,Indiana,-7.5,206.5
12/12/2009,Detroit,GoldenState,-5.5,205.5
12/12/2009,Chicago,Boston,9.5,186.5
12/12/2009,Dallas,Charlotte,-7.5,188.5
12/12/2009,Milwaukee,Portland,-3.5,190.5
12/12/2009,Denver,Phoenix,-9,225.0
12/12/2009,Utah,LALakers,-2,203.0
12/12/2009,Sacramento,Minnesota,-7,206.0
12/13/2009,Toronto,Houston,2,203.5
12/13/2009,Atlanta,NewJersey,-13,196.5
12/13/2009,Miami,Memphis,-6,197.0
12/13/2009,OklahomaCity,Cleveland,3,191.5
12/13/2009,LAClippers,SanAntonio,5.5,189.0
12/14/2009,Orlando,Indiana,-12.5,208.0
12/14/2009,Philadelphia,GoldenState,-4,211.5
12/14/2009,Memphis,Boston,7.5,194.5
12/14/2009,Dallas,NewOrleans,-9,198.5
12/14/2009,Utah,Minnesota,-13.5,202.5
12/14/2009,Denver,OklahomaCity,-10,210.0
12/14/2009,LAClippers,Washington,-2,194.0
12/15/2009,Cleveland,NewJersey,-14.5,196.5
12/15/2009,Charlotte,NewYork,-5,196.5
12/15/2009,Miami,Toronto,-6.5,206.0
12/15/2009,Chicago,LALakers,10,193.0
12/15/2009,Houston,Detroit,-5.5,188.5
12/15/2009,Phoenix,SanAntonio,-2,209.5
12/15/2009,Portland,Sacramento,-7,201.5
12/16/2009,Orlando,Toronto,-11,207.5
12/16/2009,Atlanta,Memphis,-10,207.0
12/16/2009,Philadelphia,Cleveland,6,195.0
12/16/2009,Indiana,Charlotte,-3.5,193.5
12/16/2009,NewJersey,Utah,9,200.0
12/16/2009,Minnesota,LAClippers,pk,188.0
12/16/2009,Milwaukee,LALakers,5,198.5
12/16/2009,NewOrleans,Detroit,-5.5,189.0
12/16/2009,OklahomaCity,Dallas,2,194.0
12/16/2009,Denver,Houston,-8.5,211.0
12/16/2009,Sacramento,Washington,-4,213.0
12/16/2009,GoldenState,SanAntonio,5.5,214.0
12/17/2009,Chicago,NewYork,-2.5,202.5
12/17/2009,Miami,Orlando,4,199.0
12/17/2009,Portland,Phoenix,-1.5,204.5
12/18/2009,Toronto,NewJersey,-7.5,204.0
12/18/2009,Boston,Philadelphia,-12,195.0
12/18/2009,Cleveland,Milwaukee,-9.5,194.0
12/18/2009,Atlanta,Utah,-6,207.0
12/18/2009,Minnesota,Sacramento,2,210.0
12/18/2009,NewOrleans,Denver,1,204.0
12/18/2009,NewYork,LAClippers,-1.5,202.0
12/18/2009,Memphis,Indiana,-6,209.5
12/18/2009,OklahomaCity,Detroit,-4.5,185.0
12/18/2009,Dallas,Houston,-5.5,198.0
12/18/2009,GoldenState,Washington,-3,222.0
12/19/2009,Philadelphia,LAClippers,-3.5,193.0
12/19/2009,Orlando,Portland,-9,191.5
12/19/2009,Charlotte,Utah,-3,190.5
12/19/2009,NewJersey,LALakers,13,196.5
12/19/2009,Chicago,Atlanta,4.5,194.0
12/19/2009,Milwaukee,Sacramento,-6.5,210.0
12/19/2009,SanAntonio,Indiana,-12,204.5
12/19/2009,Houston,OklahomaCity,-3.5,195.5
12/19/2009,Phoenix,Washington,-10.5,219.0
12/20/2009,Toronto,NewOrleans,-1.5,206.0
12/20/2009,Memphis,Denver,1.5,208.5
12/20/2009,Miami,Portland,-5,186.5
12/20/2009,Detroit,LALakers,7.5,189.0
12/20/2009,Boston,Minnesota,-13.5,196.0
12/20/2009,NewYork,Charlotte,-6.5,196.0
12/20/2009,Dallas,Cleveland,3.5,188.0
12/21/2009,Indiana,Milwaukee,-1,198.5
12/21/2009,Orlando,Utah,-8,203.0
12/21/2009,Chicago,Sacramento,-4.5,198.5
12/21/2009,SanAntonio,LAClippers,-9,194.0
12/21/2009,Phoenix,Cleveland,-2.5,209.5
12/22/2009,Washington,Philadelphia,-1.5,208.0
12/22/2009,Charlotte,Detroit,-5.5,177.5
12/22/2009,Boston,Indiana,-14,200.5
12/22/2009,NewYork,Chicago,-6,199.5
12/22/2009,Minnesota,Atlanta,9.5,202.0
12/22/2009,Memphis,GoldenState,-7.5,222.0
12/22/2009,Houston,LAClippers,-8,194.5
12/22/2009,Dallas,Portland,-6,187.5
12/22/2009,LALakers,OklahomaCity,-10,198.0
12/23/2009,Orlando,Houston,-8,200.0
12/23/2009,NewJersey,Minnesota,-4,196.0
12/23/2009,Detroit,Toronto,pk,196.0
12/23/2009,Miami,Utah,pk,200.5
12/23/2009,NewOrleans,GoldenState,-9.5,214.0
12/23/2009,Milwaukee,Washington,-7.5,201.5
12/23/2009,SanAntonio,Portland,-12.5,187.0
12/23/2009,Denver,Atlanta,-3.5,207.0
12/23/2009,Phoenix,OklahomaCity,-8.5,213.0
12/23/2009,Sacramento,Cleveland,5.5,204.5
12/25/2009,NewYork,Miami,-2,198.5
12/25/2009,Orlando,Boston,-5.5,191.5
12/25/2009,LALakers,Cleveland,-6,194.0
12/25/2009,Phoenix,LAClippers,-9.5,215.0
12/25/2009,Portland,Denver,2.5,198.0
12/26/2009,Dallas,Memphis,-8.5,201.0
12/26/2009,Indiana,Atlanta,6,203.5
12/26/2009,NewJersey,Houston,8.5,195.0
12/26/2009,Chicago,NewOrleans,-2.5,190.0
12/26/2009,Minnesota,Washington,2,206.5
12/26/2009,OklahomaCity,Charlotte,-5.5,190.0
12/26/2009,Milwaukee,SanAntonio,2,191.5
12/26/2009,Utah,Philadelphia,-7,203.0
12/26/2009,Sacramento,LALakers,6,210.0
12/26/2009,GoldenState,Phoenix,3,233.0
12/27/2009,Toronto,Detroit,-4,193.5
12/27/2009,Miami,Indiana,-9,196.0
12/27/2009,Cleveland,Houston,-8,192.0
12/27/2009,NewYork,SanAntonio,3.5,198.0
12/27/2009,Denver,Dallas,-5.5,207.0
12/27/2009,LAClippers,Boston,8.5,190.0
12/28/2009,Charlotte,Milwaukee,-4.5,186.5
12/28/2009,NewJersey,OklahomaCity,5.5,195.5
12/28/2009,Memphis,Washington,-5,208.0
12/28/2009,Phoenix,LALakers,1,217.0
12/28/2009,Sacramento,Denver,2,212.0
12/28/2009,Portland,Philadelphia,-5.5,193.0
12/28/2009,GoldenState,Boston,5.5,210.0
12/29/2009,Atlanta,Cleveland,-2.5,194.0
12/29/2009,Washington,OklahomaCity,1,204.0
12/29/2009,Detroit,NewYork,-4.5,193.0
12/29/2009,Chicago,Indiana,-6.5,193.0
12/29/2009,Houston,NewOrleans,-6,194.0
12/29/2009,SanAntonio,Minnesota,-11,198.0
12/29/2009,LALakers,GoldenState,-11.5,217.5
12/30/2009,Orlando,Milwaukee,-10.5,195.0
12/30/2009,Indiana,Memphis,3,207.0
12/30/2009,Toronto,Charlotte,-5.5,197.5
12/30/2009,Cleveland,Atlanta,-5.5,193.0
12/30/2009,NewJersey,NewYork,2.5,198.0
12/30/2009,NewOrleans,Miami,1.5,192.0
12/30/2009,Minnesota,Utah,7.5,202.0
12/30/2009,Phoenix,Boston,-5,206.5
12/30/2009,Sacramento,Philadelphia,-2.5,206.0
12/30/2009,Portland,LAClippers,-6.5,190.0
12/31/2009,Detroit,Chicago,-4,185.0
12/31/2009,SanAntonio,Miami,-7.5,194.5
12/31/2009,Houston,Dallas,1.5,197.0
12/31/2009,OklahomaCity,Utah,-3,199.0
12/31/2009,LAClippers,Philadelphia,-1,196.0
01/01/2010,Atlanta,NewYork,-11,205.5
01/01/2010,Minnesota,Orlando,8.5,202.0
01/01/2010,LALakers,Sacramento,-12,211.0
01/02/2010,NewJersey,Cleveland,10,192.0
01/02/2010,Miami,Charlotte,-5,187.0
01/02/2010,Washington,SanAntonio,6,202.5
01/02/2010,Indiana,Minnesota,-4.5,208.0
01/02/2010,Boston,Toronto,-3.5,194.5
01/02/2010,NewOrleans,Houston,-2.5,195.0
01/02/2010,Chicago,Orlando,3.5,193.0
01/02/2010,Milwaukee,OklahomaCity,-1.5,197.0
01/02/2010,Utah,Denver,-7.5,202.0
01/02/2010,Phoenix,Memphis,-8,227.5
01/02/2010,Portland,GoldenState,-3.5,213.5
01/02/2010,Sacramento,Dallas,4,206.0
01/03/2010,NewYork,Indiana,-9.5,208.5
01/03/2010,Toronto,SanAntonio,3,200.0
01/03/2010,Cleveland,Charlotte,-11.5,185.5
01/03/2010,Denver,Philadelphia,-4,207.0
01/03/2010,LALakers,Dallas,-6.5,201.0
01/04/2010,Miami,Atlanta,2.5,194.0
01/04/2010,Chicago,OklahomaCity,-2.5,192.0
01/04/2010,Utah,NewOrleans,-7.5,196.5
01/04/2010,LAClippers,Portland,-4,189.0
01/05/2010,Indiana,Orlando,11.5,209.0
01/05/2010,Philadelphia,Washington,-5,206.0
01/05/2010,Charlotte,Chicago,-7,186.5
01/05/2010,NewJersey,Milwaukee,1.5,191.5
01/05/2010,Dallas,Detroit,-9,190.0
01/05/2010,Denver,GoldenState,-5.5,223.5
01/05/2010,Sacramento,Phoenix,2.5,226.0
01/05/2010,Portland,Memphis,-1,199.5
01/05/2010,LALakers,Houston,-7,201.0
01/06/2010,Cleveland,Washington,-14,196.0
01/06/2010,Atlanta,NewJersey,-14,199.5
01/06/2010,Orlando,Toronto,-7.5,205.5
01/06/2010,Miami,Boston,-1.5,186.0
01/06/2010,OklahomaCity,NewOrleans,-4.5,192.0
01/06/2010,Minnesota,GoldenState,-2.5,223.5
01/06/2010,SanAntonio,Detroit,-10,188.0
01/06/2010,Utah,Memphis,-5.5,204.0
01/06/2010,Phoenix,Houston,-4.5,215.5
01/06/2010,LAClippers,LALakers,5,196.0
01/07/2010,NewYork,Charlotte,-3,199.0
01/08/2010,Washington,Orlando,7.5,203.0
01/08/2010,Philadelphia,Toronto,-2,208.0
01/08/2010,Memphis,Utah,-4.5,203.5
01/08/2010,Atlanta,Boston,-3.5,195.0
01/08/2010,NewOrleans,NewJersey,-9.5,189.0
01/08/2010,Minnesota,Indiana,-3,212.0
01/08/2010,Milwaukee,Chicago,-4,193.5
01/08/2010,SanAntonio,Dallas,-4.5,195.0
01/08/2010,Phoenix,Miami,-5.5,214.5
01/08/2010,Portland,LALakers,4.5,193.5
01/08/2010,GoldenState,Sacramento,-4.5,228.5
01/08/2010,Denver,Cleveland,4.5,202.5
01/09/2010,Orlando,Atlanta,-3.5,196.5
01/09/2010,Charlotte,Memphis,-6,199.5
01/09/2010,Detroit,Philadelphia,-4.5,192.0
01/09/2010,OklahomaCity,Indiana,-9,207.0
01/09/2010,Chicago,Minnesota,-8.5,201.0
01/09/2010,Dallas,Utah,-5.5,195.0
01/09/2010,Houston,NewYork,-6.5,202.5
01/09/2010,Sacramento,Denver,-2,212.5
01/10/2010,Toronto,Boston,1.5,198.5
01/10/2010,Washington,NewOrleans,-1.5,197.5
01/10/2010,LAClippers,Miami,-1.5,192.0
01/10/2010,SanAntonio,NewJersey,-14.5,196.5
01/10/2010,Portland,Cleveland,5,190.0
01/10/2010,LALakers,Milwaukee,-9.5,196.0
01/11/2010,Philadelphia,NewOrleans,-2,199.5
01/11/2010,Indiana,Toronto,-2,217.0
01/11/2010,Boston,Atlanta,-3.5,193.0
01/11/2010,Chicago,Detroit,-5.5,192.5
01/11/2010,OklahomaCity,NewYork,-5,201.5
01/11/2010,Phoenix,Milwaukee,-9.5,213.5
01/11/2010,Utah,Miami,-7,194.5
01/11/2010,Denver,Minnesota,-13.5,216.5
01/11/2010,GoldenState,Cleveland,5.5,214.0
01/12/2010,Washington,Detroit,-5.5,199.0
01/12/2010,Charlotte,Houston,-2.5,190.0
01/12/2010,Memphis,LAClippers,-6,199.0
01/12/2010,SanAntonio,LALakers,-3.5,194.0
01/12/2010,Sacramento,Orlando,4,207.0
01/13/2010,Philadelphia,NewYork,-2.5,204.0
01/13/2010,Atlanta,Washington,-11.5,203.0
01/13/2010,Indiana,Phoenix,4,227.0
01/13/2010,NewJersey,Boston,8,189.5
01/13/2010,NewOrleans,LAClippers,-7.5,192.5
01/13/2010,OklahomaCity,SanAntonio,-3.5,193.0
01/13/2010,Houston,Minnesota,-9,203.5
01/13/2010,Dallas,LALakers,-6,195.5
01/13/2010,Denver,Orlando,-6,209.5
01/13/2010,Portland,Milwaukee,-6,192.5
01/13/2010,GoldenState,Miami,-2.5,214.5
01/14/2010,Boston,Chicago,-6.5,195.0
01/14/2010,Utah,Cleveland,-1,194.5
01/15/2010,Charlotte,SanAntonio,2,188.5
01/15/2010,Philadelphia,Sacramento,-3,209.0
01/15/2010,Atlanta,Phoenix,-5.5,216.0
01/15/2010,Memphis,Minnesota,-7.5,209.5
01/15/2010,Detroit,NewOrleans,2.5,190.5
01/15/2010,NewYork,Toronto,-2,210.5
01/15/2010,NewJersey,Indiana,2.5,207.5
01/15/2010,Chicago,Washington,-6,198.0
01/15/2010,Houston,Miami,-4,194.5
01/15/2010,Dallas,OklahomaCity,-5,195.5
01/15/2010,GoldenState,Milwaukee,-3.5,217.0
01/15/2010,Portland,Orlando,5.5,194.0
01/15/2010,LALakers,LAClippers,-10.5,196.5
01/16/2010,Charlotte,Phoenix,-3,208.5
01/16/2010,Washington,Sacramento,2,208.5
01/16/2010,Indiana,NewOrleans,-2.5,208.0
01/16/2010,Detroit,NewYork,-1,194.0
01/16/2010,OklahomaCity,Miami,-4,194.0
01/16/2010,Memphis,SanAntonio,-1,200.5
01/16/2010,Utah,Milwaukee,-10,195.0
01/16/2010,LAClippers,Cleveland,9,193.0
01/17/2010,Toronto,Dallas,-1,206.5
01/17/2010,Denver,Utah,-7,212.0
01/18/2010,NewYork,Detroit,-7.5,191.0
01/18/2010,Washington,Portland,-2,194.5
01/18/2010,Charlotte,Sacramento,-6.5,197.0
01/18/2010,Atlanta,OklahomaCity,-5.5,194.0
01/18/2010,Houston,Milwaukee,-6.5,195.5
01/18/2010,Minnesota,Philadelphia,3,204.0
01/18/2010,LAClippers,NewJersey,-8,195.5
01/18/2010,NewOrleans,SanAntonio,-1,189.5
01/18/2010,GoldenState,Chicago,2,215.5
01/18/2010,Memphis,Phoenix,-2.5,225.5
01/18/2010,Boston,Dallas,-4.5,194.0
01/18/2010,LALakers,Orlando,-6,200.0
01/19/2010,Cleveland,Toronto,-10,205.0
01/19/2010,Miami,Indiana,-6.5,207.0
01/20/2010,Charlotte,Miami,-4,191.0
01/20/2010,Orlando,Indiana,-12,210.0
01/20/2010,Washington,Dallas,4,196.0
01/20/2010,Philadelphia,Portland,1,194.0
01/20/2010,Atlanta,Sacramento,-9,203.5
01/20/2010,Detroit,Boston,6,187.5
01/20/2010,NewOrleans,Memphis,-3.5,204.0
01/20/2010,Milwaukee,Toronto,-2.5,205.0
01/20/2010,Minnesota,OklahomaCity,7,199.5
01/20/2010,SanAntonio,Utah,-5.5,195.0
01/20/2010,Phoenix,NewJersey,-14,219.5
01/20/2010,GoldenState,Denver,6,231.0
01/20/2010,LAClippers,Chicago,-3.5,194.5
01/21/2010,Cleveland,LALakers,-2.5,192.0
01/21/2010,Denver,LAClippers,-10.5,212.5
01/22/2010,Washington,Miami,3,192.0
01/22/2010,Orlando,Sacramento,-9.5,207.0
01/22/2010,Toronto,Milwaukee,-6.5,205.5
01/22/2010,Philadelphia,Dallas,2.5,196.5
01/22/2010,Boston,Portland,-10.5,186.5
01/22/2010,Atlanta,Charlotte,-6.5,190.5
01/22/2010,Memphis,OklahomaCity,-3.5,205.0
01/22/2010,NewYork,LALakers,6,205.0
01/22/2010,Detroit,Indiana,-3.5,201.5
01/22/2010,Minnesota,NewOrleans,3.5,201.0
01/22/2010,SanAntonio,Houston,-6,192.0
01/22/2010,Phoenix,Chicago,-6.5,220.5
01/22/2010,GoldenState,NewJersey,-7.5,217.0
01/23/2010,Charlotte,Orlando,pk,191.0
01/23/2010,Indiana,Philadelphia,-2.5,207.0
01/23/2010,Miami,Sacramento,-7,201.5
01/23/2010,Detroit,Portland,-3,183.0
01/23/2010,Cleveland,OklahomaCity,-8,191.0
01/23/2010,Houston,Chicago,-6,199.0
01/23/2010,Milwaukee,Minnesota,-8,204.5
01/23/2010,Denver,NewOrleans,-12,207.0
01/23/2010,Phoenix,GoldenState,-11.5,233.0
01/23/2010,Utah,NewJersey,-16.5,201.0
01/24/2010,Washington,LAClippers,-3,194.0
01/24/2010,NewYork,Dallas,1,197.5
01/24/2010,Toronto,LALakers,4,208.0
01/25/2010,Philadelphia,Indiana,-5.5,208.5
01/25/2010,Miami,Cleveland,pk,190.0
01/25/2010,Boston,LAClippers,-11.5,189.0
01/25/2010,Memphis,Orlando,1.5,205.0
01/25/2010,SanAntonio,Chicago,-8,198.0
01/25/2010,Houston,Atlanta,-1,197.5
01/25/2010,Utah,Phoenix,-7,221.5
01/25/2010,Denver,Charlotte,-5.5,195.5
01/25/2010,Portland,NewOrleans,-2.5,188.0
01/26/2010,Washington,LALakers,8,199.0
01/26/2010,NewYork,Minnesota,-6.5,208.0
01/26/2010,Dallas,Milwaukee,-7,197.0
01/26/2010,Phoenix,Charlotte,-5.5,209.5
01/26/2010,Sacramento,GoldenState,-5.5,219.0
01/27/2010,Toronto,Miami,-3.5,205.0
01/27/2010,Indiana,LALakers,5.5,210.0
01/27/2010,Cleveland,Minnesota,-13,201.0
01/27/2010,NewJersey,LAClippers,7,191.5
01/27/2010,Detroit,Memphis,2,197.5
01/27/2010,OklahomaCity,Chicago,-6,194.5
01/27/2010,Milwaukee,Philadelphia,-2.5,199.5
01/27/2010,SanAntonio,Atlanta,-3,194.5
01/27/2010,Houston,Denver,-2.5,207.5
01/27/2010,Portland,Utah,2.5,195.0
01/27/2010,GoldenState,NewOrleans,1.5,214.0
01/28/2010,NewYork,Toronto,-3.5,216.5
01/28/2010,Orlando,Boston,-4,187.0
01/28/2010,Phoenix,Dallas,-2.5,216.0
01/29/2010,Indiana,Cleveland,6,204.0
01/29/2010,Philadelphia,LALakers,6.5,202.5
01/29/2010,Atlanta,Boston,-4,190.0
01/29/2010,NewJersey,Washington,3.5,192.5
01/29/2010,Detroit,Miami,2,187.5
01/29/2010,Minnesota,LAClippers,-1,201.5
01/29/2010,OklahomaCity,Denver,-2,200.5
01/29/2010,NewOrleans,Chicago,-4.5,197.0
01/29/2010,SanAntonio,Memphis,-5,200.0
01/29/2010,Houston,Portland,-5,194.0
01/29/2010,Utah,Sacramento,-8.5,203.0
01/29/2010,GoldenState,Charlotte,2,211.0
01/30/2010,Orlando,Atlanta,-6,195.5
01/30/2010,Memphis,NewOrleans,-7.5,203.5
01/30/2010,Washington,NewYork,2,204.5
01/30/2010,Milwaukee,Miami,-4,190.0
01/30/2010,Dallas,Portland,-8.5,193.0
01/30/2010,Sacramento,Charlotte,1,198.5
01/31/2010,SanAntonio,Denver,-5.5,197.5
01/31/2010,Boston,LALakers,1,195.0
01/31/2010,Cleveland,LAClippers,-12,190.5
01/31/2010,NewJersey,Philadelphia,5.5,189.5
01/31/2010,Toronto,Indiana,-8.5,218.0
01/31/2010,Detroit,Orlando,5,187.0
01/31/2010,Minnesota,NewYork,-2,210.5
01/31/2010,OklahomaCity,GoldenState,-8.5,214.0
01/31/2010,Houston,Phoenix,-3.5,218.5
02/01/2010,Washington,Boston,6,190.0
02/01/2010,Miami,Milwaukee,-6,186.0
02/01/2010,Memphis,LALakers,pk,206.0
02/01/2010,NewOrleans,Phoenix,pk,211.5
02/01/2010,Denver,Sacramento,-11,210.5
02/01/2010,Utah,Dallas,-4,200.5
02/01/2010,Portland,Charlotte,-2,190.0
02/02/2010,Orlando,Milwaukee,-9.5,193.0
02/02/2010,Indiana,Toronto,1.5,216.5
02/02/2010,Cleveland,Memphis,-10,198.5
02/02/2010,NewJersey,Detroit,2.5,182.5
02/02/2010,OklahomaCity,Atlanta,-1.5,191.5
02/02/2010,Chicago,LAClippers,-7,197.5
02/02/2010,Houston,GoldenState,-7.5,217.0
02/03/2010,Toronto,NewJersey,-10.5,204.0
02/03/2010,Atlanta,LAClippers,-9.5,194.5
02/03/2010,Philadelphia,Chicago,-2,194.5
02/03/2010,NewYork,Washington,-6,202.5
02/03/2010,Boston,Miami,-5.5,182.0
02/03/2010,NewOrleans,OklahomaCity,2.5,192.5
02/03/2010,Dallas,GoldenState,-11.5,218.0
02/03/2010,Denver,Phoenix,-5.5,220.0
02/03/2010,Sacramento,SanAntonio,4.5,200.5
02/03/2010,Utah,Portland,-7.5,195.5
02/03/2010,LALakers,Charlotte,-10.5,195.0
02/04/2010,Cleveland,Miami,-9.5,188.0
02/04/2010,Portland,SanAntonio,2,194.0
02/05/2010,Orlando,Washington,-13,194.5
02/05/2010,Indiana,Detroit,-4,201.0
02/05/2010,Boston,NewJersey,-12.5,190.0
02/05/2010,NewYork,Milwaukee,-2,201.0
02/05/2010,Atlanta,Chicago,-8.5,196.5
02/05/2010,Memphis,Houston,-5,203.5
02/05/2010,NewOrleans,Philadelphia,-2.5,192.5
02/05/2010,Dallas,Minnesota,-10,205.5
02/05/2010,Sacramento,Phoenix,2.5,222.5
02/05/2010,LALakers,Denver,-8,199.5
02/06/2010,Charlotte,NewOrleans,-9,190.5
02/06/2010,Detroit,NewJersey,-7,187.0
02/06/2010,Cleveland,NewYork,-12.5,201.0
02/06/2010,Chicago,Miami,-1,190.0
02/06/2010,Minnesota,Memphis,2.5,209.5
02/06/2010,Milwaukee,Indiana,-7,209.0
02/06/2010,Houston,Philadelphia,-5.5,195.5
02/06/2010,Utah,Denver,-10,207.0
02/06/2010,Portland,LALakers,2,192.5
02/06/2010,LAClippers,SanAntonio,3.5,195.0
02/06/2010,GoldenState,OklahomaCity,3.5,215.5
02/07/2010,Toronto,Sacramento,-8,217.0
02/07/2010,Boston,Orlando,-3,187.5
02/08/2010,Orlando,NewOrleans,-9.5,194.5
02/08/2010,LALakers,SanAntonio,-2.5,192.5
02/08/2010,GoldenState,Dallas,5,217.0
02/09/2010,Cleveland,NewJersey,-16,189.5
02/09/2010,Charlotte,Washington,-8,189.0
02/09/2010,Philadelphia,Minnesota,-7,205.5
02/09/2010,Indiana,Chicago,-2,205.0
02/09/2010,Miami,Houston,-5,192.5
02/09/2010,NewYork,Sacramento,-5,215.0
02/09/2010,Memphis,Atlanta,1,199.0
02/09/2010,Milwaukee,Detroit,-8,189.5
02/09/2010,Denver,Dallas,-7,211.0
02/09/2010,Portland,OklahomaCity,1.5,190.5
02/09/2010,LAClippers,Utah,5.5,201.5
02/10/2010,Atlanta,Miami,-6.5,189.5
02/10/2010,Toronto,Philadelphia,-5.5,209.5
02/10/2010,NewJersey,Milwaukee,5.5,188.5
02/10/2010,Detroit,Sacramento,-4,198.0
02/10/2010,Chicago,Orlando,4.5,195.5
02/10/2010,NewOrleans,Boston,5.5,193.5
02/10/2010,Minnesota,Charlotte,2.5,200.5
02/10/2010,Utah,LALakers,-5.5,202.0
02/10/2010,Phoenix,Portland,-9.5,209.5
02/10/2010,GoldenState,LAClippers,2,214.0
02/11/2010,Cleveland,Orlando,-7,194.5
02/11/2010,Denver,SanAntonio,-6,206.0
02/16/2010,Charlotte,NewJersey,-11,188.5
02/16/2010,Philadelphia,Miami,-2,189.0
02/16/2010,Detroit,Minnesota,-5.5,197.5
02/16/2010,OklahomaCity,Dallas,-5,195.5
02/16/2010,Memphis,Phoenix,pk,220.0
02/16/2010,Chicago,NewYork,-6,200.0
02/16/2010,Houston,Utah,3,201.5
02/16/2010,Portland,LAClippers,-8,195.0
02/16/2010,Sacramento,Boston,5.5,198.5
02/16/2010,LALakers,GoldenState,-12.5,216.0
02/17/2010,Toronto,Memphis,-7,216.5
02/17/2010,Washington,Minnesota,-4.5,206.0
02/17/2010,Indiana,SanAntonio,5,204.0
02/17/2010,Orlando,Detroit,-11,193.0
02/17/2010,NewYork,Chicago,-2,201.0
02/17/2010,NewJersey,Miami,7.5,187.5
02/17/2010,Milwaukee,Houston,-5.5,193.0
02/17/2010,NewOrleans,Utah,4,202.0
02/17/2010,Dallas,Phoenix,-4,215.0
02/17/2010,GoldenState,Sacramento,-4.5,223.5
02/17/2010,LAClippers,Atlanta,7,195.5
02/18/2010,Cleveland,Denver,-6.5,206.5
02/18/2010,LALakers,Boston,-2.5,188.0
02/19/2010,Washington,Denver,6,209.0
02/19/2010,Charlotte,Cleveland,4.5,191.0
02/19/2010,Philadelphia,SanAntonio,3.5,191.5
02/19/2010,Detroit,Milwaukee,1,188.0
02/19/2010,Orlando,Dallas,-7,204.5
02/19/2010,NewOrleans,Indiana,-4.5,205.0
02/19/2010,Minnesota,Chicago,2,205.5
02/19/2010,NewJersey,Toronto,2.5,199.5
02/19/2010,Memphis,Miami,-7,188.5
02/19/2010,Phoenix,Atlanta,-4,211.5
02/19/2010,GoldenState,Utah,5,221.0
02/19/2010,Portland,Boston,-3,186.0
02/20/2010,Toronto,Washington,-7,205.0
02/20/2010,NewYork,OklahomaCity,5.5,206.5
02/20/2010,Chicago,Philadelphia,-5,196.0
02/20/2010,Dallas,Miami,-10.5,183.5
02/20/2010,Houston,Indiana,-7.5,209.0
02/20/2010,Milwaukee,Charlotte,-3,188.0
02/20/2010,LAClippers,Sacramento,1.5,201.0
02/21/2010,Orlando,Cleveland,-2,197.0
02/21/2010,Denver,Boston,-4.5,198.0
02/21/2010,Detroit,SanAntonio,5,186.5
02/21/2010,NewJersey,Memphis,6,195.0
02/21/2010,NewOrleans,Houston,-2.5,202.0
02/21/2010,Minnesota,OklahomaCity,5,201.5
02/21/2010,GoldenState,Atlanta,5,212.0
02/21/2010,Phoenix,Sacramento,-9.5,216.0
02/21/2010,Portland,Utah,-1.5,192.0
02/22/2010,Washington,Chicago,2.5,200.0
02/22/2010,NewYork,Milwaukee,-1.5,208.0
02/22/2010,Dallas,Indiana,-9.5,207.0
02/22/2010,Utah,Atlanta,-3,193.5
02/22/2010,LAClippers,Charlotte,4.5,192.5
02/23/2010,Cleveland,NewOrleans,-11.5,200.5
02/23/2010,Miami,Minnesota,-8,192.0
02/23/2010,Boston,NewYork,-9.5,198.5
02/23/2010,NewJersey,Portland,8,184.0
02/23/2010,Memphis,LALakers,5.5,198.0
02/23/2010,OklahomaCity,Phoenix,-6,204.5
02/23/2010,Sacramento,Detroit,-2.5,195.5
02/23/2010,GoldenState,Philadelphia,1,216.0
02/24/2010,Toronto,Portland,-3,198.0
02/24/2010,Atlanta,Minnesota,-11.5,202.0
02/24/2010,Washington,Memphis,1,198.5
02/24/2010,Milwaukee,NewOrleans,-6,194.5
02/24/2010,Chicago,Indiana,-8.5,205.0
02/24/2010,Houston,Orlando,4,205.0
02/24/2010,SanAntonio,OklahomaCity,-5,194.5
02/24/2010,Utah,Charlotte,-7,193.0
02/24/2010,Phoenix,Philadelphia,-7.5,210.0
02/24/2010,Dallas,LALakers,-1.5,196.0
02/24/2010,LAClippers,Detroit,-4,189.5
02/25/2010,Indiana,Milwaukee,2,202.5
02/25/2010,Boston,Cleveland,2.5,192.0
02/25/2010,GoldenState,Denver,6,226.5
02/26/2010,Toronto,Cleveland,5.5,206.5
02/26/2010,Washington,NewYork,-1.5,207.0
02/26/2010,NewOrleans,Orlando,5,198.5
02/26/2010,OklahomaCity,Minnesota,-9.5,203.0
02/26/2010,Atlanta,Dallas,-4,192.0
02/26/2010,Chicago,Portland,-3,192.0
02/26/2010,Memphis,Charlotte,-2.5,193.0
02/26/2010,Houston,SanAntonio,3.5,198.0
02/26/2010,Denver,Detroit,-9,204.0
02/26/2010,Sacramento,Utah,7.5,201.5
02/26/2010,Phoenix,LAClippers,-9.5,209.5
02/26/2010,LALakers,Philadelphia,-11,198.5
02/27/2010,Boston,NewJersey,-10.5,190.0
02/27/2010,Miami,Milwaukee,-2,181.0
02/27/2010,Indiana,Chicago,-3,213.0
02/27/2010,NewYork,Memphis,2.5,212.0
02/27/2010,Minnesota,Portland,4.5,196.0
02/27/2010,Utah,Houston,-9.5,206.5
02/27/2010,GoldenState,Detroit,-4,207.0
02/28/2010,SanAntonio,Phoenix,-4,206.0
02/28/2010,LALakers,Denver,-6,209.0
02/28/2010,Atlanta,Milwaukee,-8.5,190.0
02/28/2010,NewJersey,Washington,1,193.0
02/28/2010,Orlando,Miami,-11,188.0
02/28/2010,OklahomaCity,Toronto,-9,206.0
02/28/2010,Sacramento,LAClippers,-4.5,204.5
02/28/2010,Dallas,NewOrleans,-8,200.0
03/01/2010,Charlotte,Dallas,-3,190.0
03/01/2010,Philadelphia,Orlando,4,196.0
03/01/2010,Cleveland,NewYork,-11,213.0
03/01/2010,NewOrleans,SanAntonio,3,195.0
03/01/2010,Chicago,Atlanta,-1,196.5
03/01/2010,Memphis,Portland,1.5,192.5
03/01/2010,Houston,Toronto,-6,214.0
03/01/2010,Phoenix,Denver,-2.5,221.0
03/01/2010,LAClippers,Utah,6.5,202.0
03/02/2010,Detroit,Boston,4.5,188.0
03/02/2010,Miami,GoldenState,-10.5,200.5
03/02/2010,OklahomaCity,Sacramento,-10.5,203.0
03/02/2010,LALakers,Indiana,-11.5,211.0
03/03/2010,Orlando,GoldenState,-15,215.0
03/03/2010,Atlanta,Philadelphia,-9,199.5
03/03/2010,NewJersey,Cleveland,10.5,196.0
03/03/2010,Boston,Charlotte,-4.5,190.0
03/03/2010,NewYork,Detroit,-4.5,206.5
03/03/2010,Milwaukee,Washington,-10,193.5
03/03/2010,NewOrleans,Memphis,-2,201.5
03/03/2010,Dallas,Minnesota,-13,202.0
03/03/2010,Houston,Sacramento,-7.5,210.5
03/03/2010,Denver,OklahomaCity,-7.5,207.0
03/03/2010,Portland,Indiana,-9,204.0
03/03/2010,LAClippers,Phoenix,3.5,210.0
03/04/2010,Chicago,Memphis,-5,205.0
03/04/2010,Miami,LALakers,4.5,189.5
03/04/2010,Phoenix,Utah,-1.5,213.0
03/05/2010,Washington,Milwaukee,4,192.5
03/05/2010,Charlotte,LALakers,4,189.0
03/05/2010,Cleveland,Detroit,-12,198.5
03/05/2010,Toronto,NewYork,-6.5,221.0
03/05/2010,Philadelphia,Boston,5,195.5
03/05/2010,Atlanta,GoldenState,-13,213.0
03/05/2010,NewJersey,Orlando,10.5,196.5
03/05/2010,Dallas,Sacramento,-8.5,200.5
03/05/2010,Denver,Indiana,-11,221.0
03/05/2010,SanAntonio,NewOrleans,-8,197.0
03/05/2010,LAClippers,OklahomaCity,5,201.5
03/06/2010,Charlotte,GoldenState,-10,205.5
03/06/2010,Miami,Atlanta,-2,189.5
03/06/2010,NewYork,NewJersey,-8,210.5
03/06/2010,Minnesota,Houston,4.5,208.0
03/06/2010,Chicago,Dallas,-1.5,199.5
03/06/2010,Memphis,SanAntonio,-1.5,198.0
03/06/2010,Milwaukee,Cleveland,2.5,194.5
03/06/2010,Utah,LAClippers,-14.5,206.5
03/06/2010,Phoenix,Indiana,-13,221.5
03/07/2010,Toronto,Philadelphia,-5.5,206.5
03/07/2010,Orlando,LALakers,-2.5,196.5
03/07/2010,Detroit,Houston,1.5,198.5
03/07/2010,Boston,Washington,-12,193.0
03/07/2010,Sacramento,OklahomaCity,3.5,201.0
03/07/2010,Denver,Portland,-7,206.5
03/08/2010,Cleveland,SanAntonio,2,188.5
03/08/2010,NewYork,Atlanta,7,211.0
03/08/2010,Memphis,NewJersey,-7.5,197.0
03/08/2010,Minnesota,Dallas,6.5,207.5
03/08/2010,NewOrleans,GoldenState,-6,217.0
03/09/2010,Washington,Houston,4,198.5
03/09/2010,Orlando,LAClippers,-12.5,199.5
03/09/2010,Indiana,Philadelphia,1,206.5
03/09/2010,Charlotte,Miami,-4,182.5
03/09/2010,Milwaukee,Boston,-1.5,188.5
03/09/2010,Chicago,Utah,5,206.5
03/09/2010,Portland,Sacramento,-8.5,198.5
03/09/2010,LALakers,Toronto,-11.5,211.0
03/10/2010,Philadelphia,Charlotte,1.5,186.5
03/10/2010,Miami,LAClippers,-9.5,190.5
03/10/2010,Detroit,Utah,6,200.5
03/10/2010,Boston,Memphis,-5.5,195.0
03/10/2010,Minnesota,Denver,8,216.5
03/10/2010,OklahomaCity,NewOrleans,-7.5,202.5
03/10/2010,Dallas,NewJersey,-11,203.5
03/10/2010,SanAntonio,NewYork,-9.5,208.5
03/10/2010,Sacramento,Toronto,-1.5,211.5
03/11/2010,Orlando,Chicago,-12.5,206.5
03/11/2010,GoldenState,Portland,6,215.5
03/11/2010,Washington,Atlanta,7.5,193.0
03/12/2010,Charlotte,LAClippers,-10,188.5
03/12/2010,Philadelphia,Cleveland,7.5,198.5
03/12/2010,Boston,Indiana,-9,204.5
03/12/2010,Miami,Chicago,-11.5,190.5
03/12/2010,Memphis,NewYork,-7,213.0
03/12/2010,OklahomaCity,NewJersey,-11,194.0
03/12/2010,Detroit,Washington,-6.5,191.5
03/12/2010,NewOrleans,Denver,6,210.5
03/12/2010,Minnesota,SanAntonio,7,202.0
03/12/2010,Milwaukee,Utah,-1,197.5
03/12/2010,Phoenix,LALakers,2,212.5
03/12/2010,Sacramento,Portland,1.5,194.5
03/13/2010,Washington,Orlando,11.5,194.5
03/13/2010,Atlanta,Detroit,-12,197.0
03/13/2010,Memphis,Denver,1.5,213.0
03/13/2010,SanAntonio,LAClippers,-11.5,195.0
03/13/2010,Houston,NewJersey,-9.5,202.0
03/13/2010,Dallas,NewYork,-10.5,213.0
03/13/2010,GoldenState,Toronto,2,232.0
03/14/2010,Milwaukee,Indiana,-10,204.0
03/14/2010,Cleveland,Boston,-7,193.0
03/14/2010,Miami,Philadelphia,-6,191.5
03/14/2010,Orlando,Charlotte,-8.5,189.5
03/14/2010,OklahomaCity,Utah,-3,204.5
03/14/2010,Phoenix,NewOrleans,-10,215.5
03/14/2010,Sacramento,Minnesota,-8,210.5
03/14/2010,Portland,Toronto,-8.5,203.0
03/15/2010,Philadelphia,NewYork,-2.5,209.5
03/15/2010,Boston,Detroit,-9,195.0
03/15/2010,Houston,Denver,2.5,216.5
03/15/2010,Utah,Washington,-11,204.5
03/15/2010,LAClippers,NewOrleans,-3,204.5
03/15/2010,GoldenState,LALakers,8.5,224.5
03/16/2010,Indiana,Charlotte,3.5,197.5
03/16/2010,Miami,SanAntonio,-2.5,186.5
03/16/2010,Detroit,Cleveland,10.5,198.5
03/16/2010,NewJersey,Atlanta,7,194.5
03/16/2010,Memphis,Chicago,-11,207.0
03/16/2010,Denver,Washington,-14.5,212.0
03/16/2010,Phoenix,Minnesota,-12.5,225.5
03/16/2010,Sacramento,LALakers,6,206.0
03/17/2010,Philadelphia,NewJersey,-7,191.5
03/17/2010,Toronto,Atlanta,-3,208.5
03/17/2010,Cleveland,Indiana,-14.5,208.5
03/17/2010,Charlotte,OklahomaCity,1.5,187.5
03/17/2010,Boston,NewYork,-9,208.0
03/17/2010,Orlando,SanAntonio,-7,193.0
03/17/2010,Houston,Memphis,-6,212.5
03/17/2010,Dallas,Chicago,-14,208.0
03/17/2010,Utah,Minnesota,-15,220.0
03/17/2010,GoldenState,NewOrleans,-2.5,227.5
03/17/2010,LAClippers,Milwaukee,5,193.5
03/18/2010,Miami,Orlando,2,189.5
03/18/2010,Denver,NewOrleans,-14,218.0
03/19/2010,Indiana,Detroit,-2.5,203.0
03/19/2010,Toronto,OklahomaCity,pk,209.0
03/19/2010,Atlanta,Charlotte,-6,190.5
03/19/2010,NewYork,Philadelphia,-1.5,207.5
03/19/2010,Chicago,Cleveland,10,206.0
03/19/2010,Houston,Boston,1.5,202.5
03/19/2010,SanAntonio,GoldenState,-12,219.5
03/19/2010,Phoenix,Utah,-5.5,223.0
03/19/2010,Portland,Washington,-12.5,190.5
03/19/2010,Sacramento,Milwaukee,4,194.5
03/19/2010,LALakers,Minnesota,-15,215.5
03/20/2010,Philadelphia,Chicago,-4.5,199.5
03/20/2010,NewJersey,Toronto,4,207.5
03/20/2010,Miami,Charlotte,-6,180.5
03/20/2010,Memphis,GoldenState,-9.5,234.5
03/20/2010,Utah,NewOrleans,-9.5,210.0
03/20/2010,Denver,Milwaukee,-10,203.0
03/20/2010,Dallas,Boston,-4,199.0
03/21/2010,NewYork,Houston,3.5,211.0
03/21/2010,Indiana,OklahomaCity,5,206.5
03/21/2010,LAClippers,Sacramento,-4.5,203.5
03/21/2010,Atlanta,SanAntonio,-3.5,193.5
03/21/2010,Cleveland,Detroit,-11.5,201.0
03/21/2010,LALakers,Washington,-12,193.5
03/21/2010,Phoenix,Portland,-6,207.5
03/22/2010,Philadelphia,Orlando,8.5,196.0
03/22/2010,NewJersey,Miami,7,188.0
03/22/2010,Minnesota,Toronto,4.5,217.5
03/22/2010,Milwaukee,Atlanta,-6,190.5
03/22/2010,OklahomaCity,SanAntonio,-5,195.0
03/22/2010,Chicago,Houston,-2.5,209.0
03/22/2010,NewOrleans,Dallas,4.5,202.5
03/22/2010,Utah,Boston,-4,199.5
03/22/2010,Sacramento,Memphis,1.5,207.0
03/22/2010,GoldenState,Phoenix,5,243.0
03/23/2010,Washington,Charlotte,6.5,182.0
03/23/2010,NewYork,Denver,7,220.5
03/23/2010,Detroit,Indiana,-4,208.0
03/23/2010,Dallas,LAClippers,-10,207.0
03/24/2010,Charlotte,Minnesota,-9,195.5
03/24/2010,Toronto,Utah,3.5,213.0
03/24/2010,Boston,Denver,-4.5,205.5
03/24/2010,Atlanta,Orlando,-1,200.0
03/24/2010,Indiana,Washington,-9,199.5
03/24/2010,NewJersey,Sacramento,1.5,197.5
03/24/2010,OklahomaCity,Houston,-8,205.5
03/24/2010,Milwaukee,Philadelphia,-10,190.5
03/24/2010,NewOrleans,Cleveland,5.5,200.0
03/24/2010,SanAntonio,LALakers,-2,198.0
03/24/2010,GoldenState,Memphis,1.5,233.5
03/25/2010,Chicago,Miami,-2,190.0
03/25/2010,Houston,LAClippers,-4.5,207.5
03/25/2010,Portland,Dallas,-3.5,192.0
03/26/2010,Orlando,Minnesota,-15.5,210.5
03/26/2010,Indiana,Utah,5.5,211.5
03/26/2010,Toronto,Denver,0.5,216.0
03/26/2010,Philadelphia,Atlanta,5.5,193.5
03/26/2010,Charlotte,Washington,-10,181.0
03/26/2010,Boston,Sacramento,-11,196.0
03/26/2010,OklahomaCity,LALakers,1,200.0
03/26/2010,NewJersey,Detroit,-1.5,193.5
03/26/2010,Milwaukee,Miami,-2.5,182.5
03/26/2010,SanAntonio,Cleveland,1,194.5
03/26/2010,Phoenix,NewYork,-10.5,225.0
03/27/2010,Washington,Utah,9.5,199.0
03/27/2010,NewOrleans,Portland,3.5,193.0
03/27/2010,Chicago,NewJersey,-9,197.5
03/27/2010,Houston,LALakers,6,199.5
03/27/2010,GoldenState,Dallas,3,234.5
03/28/2010,Cleveland,Sacramento,-14,195.0
03/28/2010,Milwaukee,Memphis,-4,195.0
03/28/2010,Atlanta,Indiana,-8.5,207.5
03/28/2010,Miami,Toronto,-7,194.5
03/28/2010,Detroit,Chicago,-2.5,197.0
03/28/2010,Orlando,Denver,-6,208.5
03/28/2010,OklahomaCity,Portland,-4,190.0
03/28/2010,Minnesota,Phoenix,9,223.5
03/28/2010,Boston,SanAntonio,-3,192.5
03/28/2010,LAClippers,GoldenState,-5.5,228.5
03/29/2010,Charlotte,Toronto,-8,195.5
03/29/2010,NewJersey,SanAntonio,8,193.0
03/29/2010,NewOrleans,LALakers,6,201.5
03/29/2010,Dallas,Denver,-5.5,211.0
03/29/2010,Utah,NewYork,-11,213.5
03/30/2010,Indiana,Sacramento,-7,207.5
03/30/2010,Philadelphia,OklahomaCity,6.5,196.0
03/30/2010,Milwaukee,LAClippers,-11,191.5
03/30/2010,Chicago,Phoenix,3,213.5
03/30/2010,Houston,Washington,-7.5,195.5
03/31/2010,Charlotte,Philadelphia,-10.5,189.5
03/31/2010,Cleveland,Milwaukee,-9.5,189.5
03/31/2010,Atlanta,LALakers,-1.5,195.0
03/31/2010,Toronto,LAClippers,-10,205.5
03/31/2010,Boston,OklahomaCity,-3,192.5
03/31/2010,NewJersey,Phoenix,7,211.0
03/31/2010,Detroit,Miami,6.5,186.5
03/31/2010,NewOrleans,Washington,-9.5,198.0
03/31/2010,Minnesota,Sacramento,-2.5,207.0
03/31/2010,Memphis,Dallas,1.5,203.5
03/31/2010,SanAntonio,Houston,-11.5,199.0
03/31/2010,Utah,GoldenState,-12,232.5
03/31/2010,Portland,NewYork,-11,200.5
04/01/2010,Dallas,Orlando,2.5,197.5
04/01/2010,Denver,Portland,-5.5,200.0
04/02/2010,Indiana,Miami,-1,192.5
04/02/2010,Charlotte,Milwaukee,-3.5,182.5
04/02/2010,Washington,Chicago,5.5,191.0
04/02/2010,Boston,Houston,-11,202.5
04/02/2010,Memphis,NewOrleans,-3.5,205.5
04/02/2010,Detroit,Phoenix,9,210.0
04/02/2010,Cleveland,Atlanta,-5.5,197.0
04/02/2010,SanAntonio,Orlando,-3,193.5
04/02/2010,GoldenState,NewYork,-5,237.0
04/02/2010,LALakers,Utah,-5,203.5
04/03/2010,Philadelphia,Toronto,5,205.5
04/03/2010,Atlanta,Detroit,-13,194.5
04/03/2010,NewJersey,NewOrleans,3,204.0
04/03/2010,Minnesota,Miami,7,191.5
04/03/2010,Chicago,Charlotte,-4.5,185.5
04/03/2010,Dallas,OklahomaCity,-3,200.5
04/03/2010,Milwaukee,Phoenix,-2,205.0
04/03/2010,Denver,LAClippers,-13.5,210.5
04/03/2010,Sacramento,Portland,7.5,191.5
04/04/2010,Boston,Cleveland,-2,193.0
04/04/2010,LALakers,SanAntonio,-5,193.5
04/04/2010,Orlando,Memphis,-11.5,201.0
04/04/2010,Indiana,Houston,-4,215.0
04/04/2010,Toronto,GoldenState,-8,232.5
04/04/2010,Washington,NewJersey,-3.5,189.5
04/04/2010,OklahomaCity,Minnesota,-13.5,211.0
04/04/2010,LAClippers,NewYork,1.5,209.5
04/06/2010,Cleveland,Toronto,-5.5,205.5
04/06/2010,Charlotte,Atlanta,-5,184.5
04/06/2010,Philadelphia,Detroit,-4.5,197.5
04/06/2010,Washington,GoldenState,3,222.0
04/06/2010,NewYork,Boston,7.5,206.5
04/06/2010,Chicago,Milwaukee,-5,191.0
04/06/2010,Memphis,Houston,-4.5,213.5
04/06/2010,Utah,OklahomaCity,-7,212.5
04/06/2010,Sacramento,SanAntonio,7.5,194.5
04/07/2010,Toronto,Boston,5.5,203.0
04/07/2010,Indiana,NewYork,-11,218.5
04/07/2010,Miami,Philadelphia,-11.5,192.0
04/07/2010,Detroit,Atlanta,5.5,192.5
04/07/2010,Milwaukee,NewJersey,-8,190.5
04/07/2010,Orlando,Washington,-13.5,192.5
04/07/2010,Minnesota,GoldenState,2,231.0
04/07/2010,OklahomaCity,Denver,-2.5,214.0
04/07/2010,NewOrleans,Charlotte,2,192.0
04/07/2010,Dallas,Memphis,-9.5,205.5
04/07/2010,Houston,Utah,4,215.5
04/07/2010,Phoenix,SanAntonio,-6,209.0
04/07/2010,LAClippers,Portland,9,193.5
04/08/2010,Chicago,Cleveland,-6.5,194.0
04/08/2010,Sacramento,LAClippers,-7,201.0
04/08/2010,Denver,LALakers,-4,202.0
04/09/2010,Philadelphia,Milwaukee,4.5,193.0
04/09/2010,Orlando,NewYork,-12,211.0
04/09/2010,Boston,Washington,-10.5,194.5
04/09/2010,Cleveland,Indiana,pk,203.0
04/09/2010,Atlanta,Toronto,-10.5,204.0
04/09/2010,Miami,Detroit,-11.5,184.0
04/09/2010,NewJersey,Chicago,6,196.0
04/09/2010,Minnesota,LALakers,7.5,199.5
04/09/2010,OklahomaCity,Phoenix,-4.5,219.0
04/09/2010,NewOrleans,Utah,8,211.0
04/09/2010,SanAntonio,Memphis,-10.5,200.0
04/09/2010,Houston,Charlotte,-3,198.0
04/09/2010,Portland,Dallas,-5,191.0
04/10/2010,Indiana,NewJersey,-11.5,210.5
04/10/2010,Charlotte,Detroit,-8,188.5
04/10/2010,Washington,Atlanta,6,192.5
04/10/2010,Memphis,Philadelphia,-6,206.5
04/10/2010,Milwaukee,Boston,-2,188.0
04/10/2010,Denver,SanAntonio,-6,200.5
04/10/2010,Sacramento,Dallas,4.5,195.5
04/10/2010,LAClippers,GoldenState,2,224.5
04/11/2010,Cleveland,Orlando,5,200.0
04/11/2010,LALakers,Portland,-3,186.0
04/11/2010,NewYork,Miami,6,198.0
04/11/2010,Toronto,Chicago,2.5,203.0
04/11/2010,NewOrleans,Minnesota,-5.5,213.0
04/11/2010,Phoenix,Houston,-9,224.5
04/11/2010,GoldenState,OklahomaCity,7,227.0
04/12/2010,Philadelphia,Miami,3.5,191.0
04/12/2010,Indiana,Orlando,3,210.5
04/12/2010,NewYork,Washington,-3.5,206.5
04/12/2010,Detroit,Toronto,-2.5,204.0
04/12/2010,NewJersey,Charlotte,4.5,190.0
04/12/2010,Milwaukee,Atlanta,1.5,188.0
04/12/2010,SanAntonio,Minnesota,-14.5,206.0
04/12/2010,Denver,Memphis,-11,208.5
04/12/2010,Sacramento,Houston,-2.5,212.0
04/12/2010,Portland,OklahomaCity,-1.5,186.5
04/12/2010,LAClippers,Dallas,12,196.5
04/13/2010,Chicago,Boston,-5,198.0
04/13/2010,GoldenState,Utah,7.5,231.0
04/13/2010,Phoenix,Denver,-5,215.5
04/13/2010,LALakers,Sacramento,-8,196.0
04/14/2010,Washington,Indiana,2,212.5
04/14/2010,Toronto,NewYork,-7.5,219.0
04/14/2010,Orlando,Philadelphia,-11,209.5
04/14/2010,Miami,NewJersey,-4.5,189.0
04/14/2010,Atlanta,Cleveland,-2,194.0
04/14/2010,Boston,Milwaukee,5,190.0
04/14/2010,OklahomaCity,Memphis,-8.5,209.0
04/14/2010,Dallas,SanAntonio,-5,199.0
04/14/2010,Houston,NewOrleans,-6.5,216.0
04/14/2010,Minnesota,Detroit,-1.5,206.5
04/14/2010,Charlotte,Chicago,1.5,188.5
04/14/2010,Utah,Phoenix,-5.5,217.5
04/14/2010,Portland,GoldenState,-10,211.0
04/14/2010,LAClippers,LALakers,7,194.0
04/17/2010,Cleveland,Chicago,-11.5,193.5
04/17/2010,Atlanta,Milwaukee,-8.5,186.5
04/17/2010,Boston,Miami,-4.5,184.0
04/17/2010,Denver,Utah,-6,208.5
04/18/2010,LALakers,OklahomaCity,-7.5,197.0
04/18/2010,Orlando,Charlotte,-10,187.0
04/18/2010,Dallas,SanAntonio,-4.5,195.0
04/18/2010,Phoenix,Portland,-8,204.5
04/19/2010,Cleveland,Chicago,-10.5,191.5
04/19/2010,Denver,Utah,-6,213.5
04/20/2010,Atlanta,Milwaukee,-7.5,188.5
04/20/2010,Boston,Miami,-1,182.5
04/20/2010,Phoenix,Portland,-8.5,203.5
04/20/2010,LALakers,OklahomaCity,-5.5,192.0
04/21/2010,Orlando,Charlotte,-9,186.0
04/21/2010,Dallas,SanAntonio,-3,194.5
04/22/2010,Chicago,Cleveland,4.5,193.5
04/22/2010,OklahomaCity,LALakers,-4,193.0
04/22/2010,Portland,Phoenix,-1.5,202.0
04/23/2010,Miami,Boston,-4.5,182.0
04/23/2010,SanAntonio,Dallas,-3.5,194.0
04/23/2010,Utah,Denver,-2.5,214.0
04/24/2010,Charlotte,Orlando,2,183.0
04/24/2010,Portland,Phoenix,1,203.5
04/24/2010,Milwaukee,Atlanta,-1,188.5
04/24/2010,OklahomaCity,LALakers,pk,196.0
04/25/2010,Miami,Boston,-2,186.0
04/25/2010,Chicago,Cleveland,6,194.0
04/25/2010,SanAntonio,Dallas,-3.5,194.0
04/25/2010,Utah,Denver,-2.5,212.5
04/26/2010,Charlotte,Orlando,4,184.0
04/26/2010,Milwaukee,Atlanta,2,189.5
04/26/2010,Phoenix,Portland,-7.5,204.5
04/27/2010,Cleveland,Chicago,-12.5,199.5
04/27/2010,Boston,Miami,-7,186.0
04/27/2010,Dallas,SanAntonio,-5,191.0
04/27/2010,LALakers,OklahomaCity,-6,194.5
04/28/2010,Atlanta,Milwaukee,-9.5,191.5
04/28/2010,Denver,Utah,-7.5,217.0
04/29/2010,SanAntonio,Dallas,-4.5,191.5
04/29/2010,Portland,Phoenix,-1,200.0
04/30/2010,Milwaukee,Atlanta,1.5,189.0
04/30/2010,OklahomaCity,LALakers,pk,194.5
04/30/2010,Utah,Denver,-6.5,215.0
05/01/2010,Cleveland,Boston,-7,192.0
05/02/2010,Atlanta,Milwaukee,-8.5,185.5
05/03/2010,LALakers,Utah,-6.5,198.5
05/03/2010,Phoenix,SanAntonio,-4.5,205.0
05/03/2010,Cleveland,Boston,-6,192.5
05/04/2010,Orlando,Atlanta,-9,192.5
05/04/2010,LALakers,Utah,-5.5,198.5
05/05/2010,Phoenix,SanAntonio,-3,206.0
05/06/2010,Orlando,Atlanta,-9,193.0
05/07/2010,Boston,Cleveland,-1,193.0
05/07/2010,SanAntonio,Phoenix,-7,206.5
05/08/2010,Atlanta,Orlando,2,193.5
05/08/2010,Utah,LALakers,-4.5,202.5
05/09/2010,Boston,Cleveland,1.5,195.0
05/09/2010,SanAntonio,Phoenix,-4.5,207.0
05/10/2010,Atlanta,Orlando,6.5,191.5
05/10/2010,Utah,LALakers,-3.5,207.0
05/11/2010,Cleveland,Boston,-7,193.5
05/13/2010,Boston,Cleveland,-1.5,193.5
05/16/2010,Orlando,Boston,-7,188.5
05/17/2010,LALakers,Phoenix,-6,210.0
05/18/2010,Orlando,Boston,-7,189.0
05/19/2010,LALakers,Phoenix,-7.5,216.5
05/22/2010,Boston,Orlando,-3.5,189.5
05/23/2010,Phoenix,LALakers,-1,220.0
05/24/2010,Boston,Orlando,-7,187.5
05/25/2010,Phoenix,LALakers,2,219.5
05/26/2010,Orlando,Boston,-4.5,186.5
05/27/2010,LALakers,Phoenix,-7.5,217.0
05/28/2010,Boston,Orlando,-3.5,187.5
05/29/2010,Phoenix,LALakers,-1.5,218.0
06/03/2010,LALakers,Boston,-5.5,190.5
06/06/2010,LALakers,Boston,-5.5,193.0
06/08/2010,Boston,LALakers,-2.5,191.0
06/10/2010,Boston,LALakers,-4,190.5
06/13/2010,Boston,LALakers,-2,189.5
06/15/2010,LALakers,Boston,-6,190.5
06/17/2010,LALakers,Boston,-6.5,186.5
